CustomerID,Conversion
11595,1
13077,0
8081,1
13242,1
12025,1
13296,1
10915,1
12745,1
15521,0
13057,1
8526,1
10701,1
13886,1
10207,1
14899,1
13029,1
8051,1
10237,1
9410,1
13898,1
8506,1
14954,1
13288,1
13774,1
15108,1
14588,1
12335,1
11189,1
10188,1
12174,1
10838,1
8031,1
11184,1
9492,1
15846,1
11313,0
9827,1
13980,1
10166,1
11321,1
11158,1
10634,1
15060,1
15643,1
8901,1
11460,1
12790,1
10291,0
13126,1
11187,1
11216,1
15302,1
11339,1
9121,1
13758,1
15655,1
12178,1
13865,1
11547,1
8341,1
8793,1
12176,1
11781,1
8315,1
13212,0
11458,1
9364,1
8974,0
15818,1
15032,1
13226,1
11652,1
14260,1
14348,1
13792,0
8946,1
11886,1
15053,1
15501,0
8900,1
15993,0
9178,1
15020,1
11966,1
13224,1
15412,0
10957,0
15625,1
9546,1
13507,1
14041,1
11504,1
14097,1
9765,1
9128,1
8837,1
13184,1
14298,1
12803,1
11093,1
15033,1
11686,1
8584,1
9599,1
13725,0
14855,1
9897,0
15496,0
10076,1
9258,1
12527,1
8983,1
14567,1
11644,1
8525,1
11022,0
11871,1
11351,1
10730,1
10559,1
9477,1
11664,1
10889,0
9551,1
12474,1
11040,1
10966,1
12282,0
8700,1
12387,1
14599,1
15430,1
10782,1
9916,1
14232,1
13125,1
9684,1
9851,1
10426,1
8950,1
10851,1
13957,1
14823,1
12236,1
15812,0
12897,1
15349,0
15585,1
11826,1
9342,1
8757,1
9210,1
14764,1
15984,1
15010,1
9488,0
12422,1
14054,1
11021,0
12010,1
13123,1
13053,1
15092,1
12072,1
11353,1
15986,0
12122,1
12579,0
10155,1
10449,1
13457,1
9453,0
9834,1
13906,1
12512,1
14013,1
11362,1
14632,1
11901,1
8101,1
13655,1
10770,1
13554,1
13379,1
14735,1
13796,1
11298,1
10310,1
10653,1
12606,1
10290,1
12921,1
12738,1
15343,1
13862,1
11118,1
9586,1
11884,1
11269,1
14292,1
15495,0
14229,1
11819,1
13747,1
11034,1
14900,1
10115,1
10672,1
10947,1
12338,1
11304,1
14496,1
10418,1
8738,1
10183,1
12833,1
13596,1
13972,1
11293,1
13795,1
9948,1
9378,1
12681,1
8722,1
8577,1
15833,0
12245,1
15451,0
13276,1
10150,1
15972,0
8741,1
9241,1
13225,0
9816,1
9576,1
8291,1
15877,1
8554,1
10953,1
14440,1
14785,1
10275,1
11038,1
12296,1
13453,1
10057,1
9495,0
10883,1
11384,1
9476,0
13602,1
15262,1
9034,1
11896,0
15946,1
12523,1
8941,1
13883,1
14838,1
8419,1
9301,0
15192,1
8935,1
12625,1
8119,1
11377,1
11238,1
14542,1
9831,1
13873,1
11035,1
8106,1
15648,0
8846,1
14464,1
13716,1
14577,1
11109,1
12080,1
8124,1
9474,1
10483,1
12519,1
15215,1
12345,1
10282,1
14898,1
11527,1
10234,1
9215,1
8461,1
14429,1
8389,1
8365,1
10688,1
10517,1
13233,1
12002,1
14112,1
9473,0
13459,1
14651,1
8260,1
14187,1
11104,1
11940,1
10093,1
8717,1
10670,1
11883,1
10458,1
14388,1
8503,1
9853,1
11072,1
11067,1
9203,1
8780,1
15076,1
11941,1
12844,0
8196,0
12654,1
8609,1
11404,1
8673,1
12074,1
8476,1
13377,1
13008,1
10737,1
15723,1
14653,1
10814,1
13084,1
15779,1
11498,1
9756,1
9543,1
8804,1
15169,1
9065,1
9992,1
10827,0
15417,0
12270,0
11641,1
10820,1
9229,1
10610,1
13060,1
11273,1
10535,1
15203,1
10733,1
15511,1
11553,1
8337,1
10053,1
9754,1
9772,1
10108,1
13362,0
12220,1
9026,0
11982,1
13642,1
11927,1
13341,1
15470,1
9738,1
14539,1
13442,1
10340,1
9078,0
8079,1
9691,0
8313,1
14403,1
12075,1
14908,1
13831,1
14072,1
11625,1
13313,1
8099,1
15110,0
9752,0
15498,1
15958,1
14401,1
10404,1
10127,1
12806,1
15042,1
10029,1
8866,1
12517,1
9420,1
9158,1
13861,1
13179,1
15320,0
14448,1
10515,1
15220,1
14029,1
12260,1
9958,1
14816,1
8036,1
13047,1
15129,1
12161,1
12280,1
8065,1
12700,1
11552,1
11228,1
10058,1
11227,1
8880,1
12672,1
15748,0
13331,1
8485,1
9832,0
12637,1
10315,1
11977,1
9422,1
15711,0
10472,1
12405,1
15941,1
12805,1
10571,0
9641,1
13871,1
14289,1
10796,1
8317,1
9332,1
8227,1
9748,1
9417,1
11201,1
9176,1
9254,1
13052,1
8955,1
15671,0
12128,0
12409,1
10393,1
15482,0
10629,1
12656,1
10156,1
15613,0
15179,1
15378,0
12990,0
10012,1
15925,0
15687,1
12659,1
14833,1
10637,1
15780,1
12117,0
10478,1
8761,1
15587,1
11096,1
11748,0
9501,1
8073,1
15340,0
14677,0
13982,1
12413,1
14803,1
10080,1
13189,1
13631,0
15243,1
9309,1
13826,1
15309,1
12648,1
15057,1
11850,1
12179,1
10011,1
12465,1
8842,1
10452,1
9888,1
8047,1
14303,1
14556,1
12751,1
12951,1
8327,1
8575,1
11332,1
9763,1
15668,0
11132,1
12463,1
9123,1
15266,0
9401,1
12941,1
8840,1
8513,1
10321,0
15009,1
10684,1
9784,1
14189,1
11380,1
11199,1
8618,1
14534,1
11412,0
10901,1
9757,1
11046,1
15980,1
12307,1
10331,1
10050,0
13292,1
12940,1
15612,1
9721,1
9836,1
15590,1
11106,1
12044,1
10904,0
10071,1
11539,1
15686,1
14566,1
13231,1
15272,1
9568,1
11803,1
9279,1
12578,1
12731,1
13486,1
9663,1
11805,0
10980,1
14033,1
14847,1
12558,1
14978,1
12596,1
12896,1
13816,0
10687,0
12939,0
14104,1
12458,1
10775,1
10307,1
10817,1
13597,1
13509,1
11170,1
9783,1
8752,1
10886,1
15537,1
11305,1
13846,0
13587,1
14975,1
11082,1
13318,1
14915,1
11155,1
13040,1
15432,1
15491,1
12212,1
9199,0
15024,1
10431,1
12047,1
15175,1
14483,1
9105,1
8215,1
12116,0
12927,1
15945,0
9264,1
13994,0
10816,1
11112,1
9020,1
9481,1
14077,1
14646,1
15034,1
15114,1
9828,1
12676,1
9728,1
11120,1
13912,1
14283,1
14881,1
12967,1
12098,1
13151,1
15283,0
8267,1
9310,1
8500,1
11337,1
13991,1
10771,1
11856,1
13059,1
10232,1
11847,0
10109,1
14358,0
9649,0
10856,1
11984,1
13397,1
13080,1
14245,1
13425,1
9660,1
8874,1
8170,1
12535,1
13897,1
12772,1
14327,1
12078,1
12203,1
12702,1
10631,1
10575,1
12348,1
14656,1
8687,1
9217,1
14393,1
12985,1
13518,1
9454,1
14011,1
9532,1
15025,0
13675,1
10769,1
14699,1
14983,0
8058,1
14731,1
14755,1
10695,1
13197,1
11237,1
8537,1
8295,1
13733,1
15899,0
13044,1
13995,1
13742,1
9963,1
9585,1
13300,1
10306,1
11140,1
12221,0
13699,1
12144,1
14643,1
12549,1
15456,0
11741,1
8176,1
10852,1
10168,1
13191,0
15944,1
15424,0
10621,1
13178,1
10803,1
8413,1
8662,1
15680,1
9730,1
13708,1
12232,1
12328,1
9912,1
14615,1
12088,1
8594,1
11451,1
14287,1
10184,0
9889,1
14034,1
11481,1
12195,1
15645,1
10671,1
14019,1
14417,1
12522,1
11801,0
14074,1
8328,1
15874,1
10539,1
10956,1
13535,1
12569,1
13335,1
12511,0
15387,0
9712,1
13496,1
8289,1
13020,1
13956,1
14175,1
9169,1
15398,0
12050,1
15926,0
15834,1
15379,1
12631,1
8906,1
13198,1
15731,1
9168,1
14157,1
11614,1
9044,1
13706,0
9800,1
13213,1
15608,1
12602,1
14661,1
11004,1
13018,1
9117,1
15754,1
14529,1
11698,1
15171,1
9272,1
11530,1
12272,1
14611,1
13676,1
10381,1
8143,1
11913,1
15462,1
14426,1
8103,1
14871,1
12033,1
10809,1
11283,1
9961,1
9125,1
14466,1
12454,1
8536,1
8915,1
11540,0
11560,1
15659,0
13031,1
13234,1
14288,1
12791,1
14406,1
10594,1
14268,1
13751,0
14944,1
15512,0
10221,1
10206,1
11848,1
15622,0
11488,1
13818,1
12218,1
10083,1
14561,1
13942,1
9578,1
8775,0
11574,1
14014,1
10872,1
14321,1
14940,1
14635,1
14270,1
10928,1
11948,0
14022,1
12419,1
11071,0
9109,1
11430,1
8258,1
11165,1
11743,1
14642,1
9405,1
8074,1
11568,1
12363,1
13517,1
13625,1
11505,1
9824,0
13284,1
9414,0
15408,1
14432,1
14299,1
13809,1
8588,1
10005,1
11357,1
9530,1
9974,1
12066,1
11692,1
9107,1
13436,0
15133,1
9443,1
10554,1
12012,1
11566,1
10522,1
12059,1
14239,1
8567,1
12935,1
8486,1
8970,1
13412,1
9035,1
9250,1
10913,0
15253,1
11501,1
14988,1
15734,0
13154,1
8595,1
13428,1
11882,1
11074,1
9514,1
11256,1
15915,0
11617,1
13149,1
8276,1
11894,1
9198,1
8547,1
8693,0
12740,1
14962,1
8986,1
10023,1
13152,1
11440,1
13915,1
15444,1
12808,0
15031,1
15301,1
11192,1
14557,1
10587,1
8248,1
8920,1
9113,1
10519,1
10710,0
9418,1
11509,1
9874,1
15305,1
9091,1
12762,1
15308,1
9819,1
10163,1
8138,1
13228,1
14970,1
9908,1
12077,1
9535,1
12390,1
8326,1
12249,1
9325,1
14351,1
10844,1
11494,1
9273,1
12875,1
11069,1
12520,1
13395,1
9206,1
8424,1
10464,1
12292,1
13943,1
15116,1
9638,1
14391,1
9192,1
11219,0
8474,1
15231,1
13952,1
9494,1
15450,1
8018,1
13297,1
9665,1
12133,1
11657,1
13016,1
8003,1
15240,1
9445,1
11757,1
8069,1
9857,1
12180,1
14664,1
12797,0
9223,1
13471,1
15087,1
12778,1
9033,1
13755,1
10324,1
8086,1
11518,1
13648,1
8645,1
12671,1
14318,1
14204,1
15676,1
15894,0
14736,1
13937,1
14725,1
9970,1
12456,1
14028,1
11171,1
15091,1
14796,1
10863,1
12737,1
14504,1
10503,1
12560,1
15752,1
8944,0
11619,1
15425,1
10530,1
10833,1
11592,1
12529,0
9860,1
11590,0
9714,1
10892,1
15891,0
11642,1
13807,1
12694,1
13417,1
14081,1
14274,1
8932,1
9667,0
13181,1
15573,1
11232,1
13817,1
14020,1
8813,1
14131,1
8400,1
13525,1
12502,1
13794,1
10896,1
15334,0
14463,1
8127,1
9295,1
12395,1
13586,1
8659,1
11514,1
15578,0
14242,1
11532,1
8518,1
8347,0
11806,1
9914,1
10513,1
11052,0
13222,1
9379,0
11761,1
15911,0
14160,1
10148,1
13530,0
13987,1
9459,1
10437,1
9931,0
15275,1
11727,1
12899,1
11058,1
8627,1
15170,1
15368,1
14850,1
14524,1
14200,1
11147,1
15436,0
15794,0
11443,1
15415,1
8871,1
14336,1
11586,0
14715,1
8199,1
11174,1
12982,1
8732,1
10121,1
9533,1
11324,1
13171,1
12944,1
15500,0
8962,1
13327,1
13526,1
11491,1
10787,1
12641,0
10766,1
12563,1
10395,1
8982,1
15079,1
13388,1
15743,1
15397,1
9637,1
10679,1
11407,1
9919,1
13218,1
15985,1
9284,1
13041,1
8110,1
11613,1
15354,1
8188,1
13601,1
11693,1
13711,1
12591,1
8868,1
15675,1
12154,1
10706,1
8878,0
11207,1
14102,1
9336,1
9675,1
13274,1
12104,1
10762,1
15046,1
14986,0
9475,1
11437,1
14246,0
12005,1
13443,1
15592,0
15950,0
13337,1
8084,1
8472,1
14032,1
10351,1
14195,1
9557,1
10902,1
11822,1
12499,1
9421,1
15589,0
9941,1
13215,1
8125,1
15602,0
15600,1
11674,1
8488,0
10524,1
9536,1
8450,1
15375,0
10951,1
8241,1
10832,1
11542,1
12933,1
14685,1
11197,1
15736,0
11870,1
13609,1
12239,1
15907,1
8391,1
8000,1
14526,1
12570,1
9841,1
11807,1
15775,0
11087,1
15709,0
11266,1
13183,1
12030,1
14075,1
12814,1
8208,1
15218,1
14670,1
8754,1
9884,1
8053,1
15250,1
15893,0
15022,1
15120,1
11798,1
13674,1
11065,1
9177,1
13164,1
13458,1
14084,1
11477,1
14740,1
10061,1
8725,1
10089,1
12311,1
11421,1
15467,1
9710,1
15604,0
12680,1
11489,1
9063,1
8137,1
15861,0
15802,1
14177,1
15795,0
15044,1
12900,1
10749,1
11603,1
14220,1
13598,1
8728,1
12796,1
10149,1
8545,1
8692,1
14952,1
8615,0
8891,1
13768,1
9733,1
12929,1
12515,1
9651,1
10593,1
15153,1
9200,1
9340,1
10983,1
9704,1
15455,0
12139,1
8870,1
10439,1
8422,1
14633,1
11621,1
15782,0
10151,1
14436,1
12284,1
12971,1
14702,1
12244,1
13076,1
12330,1
8929,1
13358,1
8724,1
11612,1
14129,1
11350,1
9975,1
15346,0
12750,1
9977,0
14307,0
14909,1
10698,1
13205,1
8005,1
14290,1
14210,1
14404,1
9179,1
14330,1
10288,1
9861,1
12118,0
9136,1
9929,1
11292,0
14966,1
9201,1
11379,1
9544,1
13026,1
11589,1
12856,1
8784,1
15871,1
11115,1
10989,1
14002,1
10783,1
12237,1
14856,0
10045,1
13427,1
9317,0
11708,1
9174,0
11689,1
13697,1
14202,1
10337,1
9163,1
14085,1
11014,1
10192,1
12175,1
10970,1
13094,1
10907,1
13312,1
10972,1
9066,1
15763,1
15073,1
15772,0
9205,0
11077,1
9314,1
14517,1
15454,0
8560,0
14261,1
9600,1
14425,1
8409,1
13964,1
12113,1
8477,1
11994,1
11352,1
15128,0
14994,1
15466,1
10764,1
14300,1
11418,1
9374,1
15664,1
10608,1
11325,1
14797,1
13810,1
12958,1
11635,1
8203,1
13119,1
14739,1
8826,1
10242,1
8877,1
9485,1
12240,1
9330,1
14272,1
9677,1
8300,1
13207,1
12704,1
14597,1
14830,1
8068,1
8255,1
14624,1
11800,1
8748,1
10744,0
12351,1
10429,1
11647,1
9294,1
14634,1
11907,1
15463,1
11366,1
10936,1
9193,1
10876,1
8942,1
11570,1
15628,1
15939,1
11628,1
9991,1
11714,1
12067,1
10667,0
9973,1
14284,1
15996,0
15630,0
14144,1
9643,1
12403,0
12727,1
15712,0
13765,0
11787,1
13272,1
10644,1
13477,1
14713,1
14777,1
10557,1
9614,1
14987,1
9057,0
14858,1
12100,1
15528,1
8652,1
11287,1
10260,1
14172,1
9161,1
10780,1
11583,1
14704,0
14505,1
13485,1
14835,1
12592,1
11261,1
15223,1
15322,1
10069,0
12250,1
12425,1
13281,0
13221,1
8865,1
12060,1
15286,0
12815,1
10350,1
14364,0
13828,1
10154,1
13158,1
12828,1
15853,0
9922,1
10604,1
14258,1
15729,0
8323,1
12647,1
9602,1
8882,1
12196,1
13679,1
13776,1
12789,1
13068,1
8508,1
9921,1
13836,1
9764,1
11031,1
8117,1
13023,1
12652,1
9239,1
11299,1
15599,1
12004,1
8674,1
8014,1
8012,1
14968,1
12664,1
10001,1
15864,1
14152,1
9263,1
12500,1
12871,1
9324,1
9949,1
12980,1
12274,1
9737,1
13239,1
10124,1
11845,1
14916,0
10909,1
8828,1
11456,1
14402,1
15419,0
11178,1
13287,1
14059,1
8050,1
15545,0
15549,0
9338,1
11931,1
14641,1
11181,1
14468,1
8847,1
12718,1
12551,1
9556,1
10147,1
8166,1
13891,0
10019,1
13449,1
10289,1
15935,0
8902,1
13088,1
8501,0
10414,1
14547,1
12322,1
13444,1
9515,1
14049,1
15188,1
12336,0
11887,1
9245,1
10287,1
9622,1
14586,0
9039,1
8201,1
10280,1
9190,1
13785,1
15621,1
10589,1
13870,1
12728,1
14575,1
13570,1
8228,1
13786,1
10828,1
11534,0
14953,1
9061,1
10486,0
10373,1
11742,1
12279,1
15931,1
10906,1
12305,1
15019,1
10143,1
15421,0
10853,1
8691,1
13201,1
10937,1
15279,1
11636,1
11829,1
13850,1
10681,1
15193,1
8820,1
10760,1
10516,0
10271,1
14365,1
11361,1
14304,1
10380,0
8311,1
12416,1
14859,1
9947,1
10598,1
12229,1
15539,1
15159,1
10680,0
8414,1
10505,1
12163,1
11704,1
8469,0
15574,0
9282,1
9073,1
13761,1
15103,1
12925,1
9893,1
15081,1
10430,1
8271,1
10022,1
13600,1
9878,1
12924,1
10942,0
15820,1
15693,0
12683,1
15890,0
9463,1
12162,1
14142,1
9423,1
15579,0
12131,1
11061,1
15832,1
12863,1
14553,1
14645,1
15702,1
15566,0
13607,1
15216,1
10745,1
10690,1
15036,1
12414,1
12148,1
13925,1
8939,1
12906,1
8452,1
13814,1
14472,1
12301,1
14770,1
11119,1
11841,0
10015,1
14373,1
14694,1
8264,0
9685,1
14126,1
12383,1
9490,1
14257,1
10859,1
15879,1
9920,1
14610,1
14981,0
15409,0
11049,1
11303,1
10860,1
14392,1
13824,1
15039,1
11492,0
11465,1
15784,0
10043,1
11744,1
9222,1
15987,1
15650,1
14296,1
12443,1
13033,1
9918,1
10329,1
15844,1
11665,1
12125,0
11791,1
9793,1
14316,0
14389,0
12009,1
8655,1
8294,1
14159,1
12114,1
9856,1
9391,1
11279,1
8087,1
14951,1
10617,1
14528,1
15306,1
8191,1
12450,1
11792,1
13617,1
10825,1
8044,1
15831,0
10470,1
14769,1
8261,1
14331,1
14963,1
8908,1
10512,1
12521,1
9680,1
12922,1
10682,0
11724,1
15183,1
11858,1
15027,1
14872,1
11166,1
10533,1
10715,1
12129,1
12645,1
11348,1
11584,1
9579,1
9985,1
11103,1
13180,0
15195,1
8862,1
10707,1
11281,1
14370,0
13821,1
10243,1
9304,1
13133,1
8446,1
14114,0
15517,0
11869,1
10344,1
11911,1
15732,1
15214,1
10376,1
14784,1
10032,1
13106,1
10804,1
8438,1
14864,1
9281,1
13665,0
15187,1
10389,1
15930,0
11277,1
15088,1
13045,1
12488,1
8967,0
13263,1
15695,1
8773,1
8808,1
14120,1
15867,1
12552,1
10025,1
13462,1
13524,0
10568,1
14693,1
15191,1
11094,1
14285,1
9038,1
14742,1
10308,1
13012,1
12650,1
12996,1
9690,0
10034,1
8467,1
8456,1
8253,1
14787,1
15376,1
10502,1
13257,1
14724,1
12278,1
14149,1
9648,1
14344,1
9354,0
15514,1
15480,1
8607,1
15207,1
10511,1
11835,1
13472,1
10768,1
14648,1
13837,1
8853,0
11030,1
8465,1
12785,1
11110,1
13954,1
15586,1
10757,1
10648,0
13400,1
11946,1
15497,1
12782,1
9732,1
12188,1
12083,1
8345,0
8310,1
12854,1
10720,1
14531,1
12016,1
8972,1
8825,1
8727,0
11579,0
14798,1
14793,1
12644,1
12039,1
11376,1
8677,1
14462,1
8733,1
14680,1
11543,1
12191,1
11996,1
9346,1
8876,1
8544,1
12230,1
8296,0
8872,1
11857,0
10190,1
11050,1
8275,1
13652,1
8958,1
9904,1
8055,1
13555,1
14306,1
13347,1
8209,1
8088,1
15933,1
10836,1
8492,1
11764,1
9171,1
13667,1
12375,1
11653,0
12722,1
12192,1
9613,1
12189,1
9774,1
14479,1
9003,1
12599,1
9411,1
11618,1
13446,1
13476,1
15938,1
12914,1
12949,1
15402,1
14311,1
13842,0
15338,0
15331,1
12768,1
11610,1
12678,1
15426,1
13409,1
14638,1
12167,1
10676,1
9959,1
11405,1
8487,1
10665,1
12786,1
10663,1
8573,1
14080,1
12466,1
13887,1
8232,1
9189,1
11718,1
9805,1
9010,1
12150,1
14765,1
9951,1
15616,1
9382,1
14721,0
14967,1
11130,1
15998,1
11314,1
13056,1
12360,1
13858,0
11390,1
13099,1
11322,1
15246,0
14897,0
13599,1
15388,0
9335,1
13046,1
14829,1
14343,1
9484,1
11258,0
12166,1
8931,1
9188,1
9269,1
13161,1
12862,1
15583,0
13803,1
14115,1
8798,1
8949,1
9407,1
8704,1
13835,1
13999,1
12193,1
9971,1
8357,1
14971,1
9089,1
14045,1
8371,1
15257,1
8948,1
12200,1
8250,1
10081,1
12222,1
11780,1
9584,1
12693,1
9538,1
13775,1
8832,1
11872,1
8919,0
12329,1
13695,1
11010,1
14305,1
15924,1
14889,1
12404,1
13185,1
14809,1
9060,1
14089,1
13110,1
8992,1
13619,1
9096,1
15799,1
8905,1
14788,1
9610,1
14691,1
11778,1
12910,1
15670,0
13082,1
10758,1
9529,1
9809,1
13590,1
14437,1
8830,1
14602,1
8475,1
8480,1
15829,0
11722,1
13352,1
14620,1
10475,1
15217,1
15885,0
15394,1
11148,1
9807,1
10877,1
14412,1
10753,1
12954,0
15536,1
14237,1
12496,1
9280,1
11395,1
10262,1
12979,1
8354,1
8416,1
9545,1
9270,1
13432,1
12540,1
14912,1
14355,1
12214,1
11419,1
14660,1
13196,1
10857,1
12823,1
10099,1
14655,1
10786,1
13301,1
8580,0
14162,1
11960,1
13079,1
15423,1
11990,1
9261,1
12546,1
13298,1
14621,1
15366,1
12760,0
15239,1
9101,1
14442,1
10377,1
11000,0
8973,1
11585,1
14023,1
8613,1
12318,1
15162,1
11224,1
8163,1
15720,1
9785,1
15570,0
9593,1
9846,1
9219,1
14176,1
13173,0
11739,1
8534,0
9327,1
13035,1
13545,1
11001,1
13259,1
9157,0
12758,1
8887,1
10784,1
15197,1
11830,1
12037,1
11915,1
8225,1
10824,1
13314,1
8646,1
13416,1
8198,1
12257,0
14128,1
8284,1
9394,1
9120,1
15211,1
14490,1
13186,1
8292,0
8484,1
14248,1
10068,0
14051,1
12364,1
9892,1
12561,0
9898,1
12045,1
11702,1
12145,1
11777,1
14863,1
8322,1
9729,1
10128,1
8279,1
8951,1
12754,1
14191,1
13799,1
12388,1
10300,1
9577,1
12988,1
10440,1
8768,1
12749,1
10065,1
13737,1
11300,1
8441,1
14375,1
13845,0
8141,1
10144,1
15086,1
11020,1
12101,1
9782,1
15062,1
12132,1
15059,0
13881,1
11048,1
12208,1
11853,1
12907,1
11554,1
13048,1
11991,1
9671,1
10570,1
11811,1
13188,1
10436,1
12436,1
11295,1
14192,1
10054,1
9255,1
9952,1
14449,1
10789,1
10900,1
11056,1
8411,1
8454,1
13000,1
9628,1
13825,1
11523,1
9266,0
9632,1
15228,1
9526,1
11450,1
14559,1
12783,1
15880,1
8899,1
12729,1
15333,0
15280,1
11582,1
10497,1
12373,1
15970,0
10226,1
12094,1
9146,1
13805,1
14747,1
15886,0
13654,1
14879,1
8331,1
12493,1
9134,0
13762,1
13049,1
11620,1
15399,0
15825,1
13528,1
11055,0
15760,0
9381,1
10319,0
8324,1
11070,1
12269,0
15964,1
10086,1
11675,1
14844,1
9469,1
10413,1
8238,1
10383,1
11918,1
13560,1
14410,0
15857,0
8606,1
13651,1
12965,1
9242,1
11205,1
14161,1
13506,1
10063,1
9707,1
14216,1
9299,1
14008,0
11081,1
12879,1
10799,1
14473,1
11544,1
15317,0
9590,1
15824,1
14209,1
11493,1
12386,1
9449,1
15155,1
8212,0
14048,1
15213,1
8710,1
11953,1
12817,0
11210,1
14901,1
11876,1
12032,1
13508,1
12530,0
9937,1
9606,1
15905,0
12653,1
12661,0
12153,1
15769,1
14238,1
13624,1
12584,1
15051,1
11928,1
14004,1
15876,1
8384,1
14498,1
14813,0
11878,1
15160,1
12537,1
15639,1
13689,1
8709,1
13608,1
13017,1
10247,1
10795,1
10719,1
14894,1
9911,1
11476,1
11375,1
13051,1
15888,1
11385,1
10443,1
13685,1
10813,1
8318,1
14748,1
10372,1
12665,1
12258,1
14135,1
13620,1
12384,1
8403,1
13070,1
13380,0
11556,1
10327,1
15251,1
9359,1
12713,1
11343,1
10365,1
10112,1
15703,0
14390,0
12468,1
12943,1
15362,0
15131,1
10746,1
13375,1
10917,1
12825,1
13701,1
12312,1
12777,1
11156,1
8758,1
14819,1
8442,1
8222,1
14099,1
12931,1
15845,0
9999,1
14088,1
14101,1
8745,1
14843,1
15389,0
8154,1
9150,1
13612,1
9009,0
10494,1
11254,1
14678,1
12827,1
14148,1
12337,1
10419,1
15591,1
8922,1
12392,1
8603,1
15646,1
12684,1
8251,1
11655,0
13093,0
11995,1
10689,1
14310,1
9331,1
12779,1
9138,1
11317,1
13182,1
11840,1
11097,1
12107,1
13963,1
8650,1
12393,1
13721,1
15575,0
13265,1
8308,0
9989,1
9956,1
13694,1
15112,1
14537,1
10683,1
9307,1
11755,1
11631,0
8519,1
8938,1
12268,1
15957,0
11760,1
15956,1
9899,1
10638,1
15897,1
13402,1
14347,1
12753,1
15163,1
10624,1
11561,1
11019,0
12788,1
12069,0
12137,1
12313,1
15353,0
8592,1
14703,1
8787,1
15850,1
14062,0
9635,1
9882,1
15005,1
11186,1
11426,1
14132,1
15295,0
11285,1
15221,1
13071,1
9845,1
13923,1
11866,1
11605,1
8658,1
14106,1
15842,1
14047,1
13429,1
14714,1
8822,1
14759,1
12705,1
15580,0
14831,1
10031,1
9083,1
14705,1
10075,1
12288,1
10656,1
11369,1
8742,1
14082,1
12492,1
11951,1
14942,0
8330,1
10490,1
14441,1
9697,1
10528,1
11545,1
13111,1
9232,1
13132,1
9416,1
8736,1
10821,1
9156,1
10848,1
14874,0
9881,1
13929,0
15003,1
15181,1
10016,1
9926,1
8219,1
13844,1
10998,1
13646,1
14811,1
11245,0
8473,1
14617,1
9699,1
9248,1
13445,0
14708,1
15382,0
8268,1
15921,0
15636,0
14578,1
15865,1
10776,1
10831,1
15502,1
8566,1
8182,1
15313,0
14467,1
8760,1
14357,1
8366,1
15606,0
12882,1
9864,1
8807,1
8671,1
12063,1
14800,1
8638,0
15999,0
11758,1
9895,1
11967,1
11259,1
15267,0
13736,1
8104,1
13533,1
12472,1
13921,1
12725,1
12021,1
10482,1
13916,1
12170,0
14457,0
14110,1
12724,1
9572,1
14335,1
10712,1
14024,1
9152,0
13562,1
8735,1
11098,1
10126,1
14790,0
10227,1
11666,1
14447,1
12872,1
8538,1
8085,1
11372,1
11434,1
9907,1
8230,1
15524,0
11921,1
9172,0
10134,1
12769,1
14943,1
15310,0
15647,0
9618,1
9145,1
13503,1
14381,1
8628,1
11218,1
8287,1
10807,1
11399,1
9767,1
8017,1
9140,1
13574,1
12898,1
9287,1
14752,1
14009,1
14877,1
8123,1
14411,1
15798,1
12254,0
13804,1
11157,1
10354,1
15038,1
12265,1
9464,1
13556,1
14568,1
14359,1
8362,1
9093,1
10313,1
12398,1
15826,0
8839,0
15130,1
13275,1
10345,0
10259,1
14206,1
11842,1
11549,1
9386,1
8118,1
13756,1
15464,1
10021,1
12213,1
12889,1
12040,1
10945,1
9446,1
13321,1
9377,1
10355,1
8937,1
15035,1
13022,1
14368,0
12172,1
15411,1
15474,0
12629,1
11578,1
8470,1
11495,1
15848,0
11600,1
12620,1
11088,1
8179,1
13190,0
14808,1
11667,1
12955,1
13704,1
11319,1
15758,1
9747,1
10718,1
8696,1
11453,1
13090,1
8189,1
13058,1
12426,1
13900,1
8392,1
13253,1
11975,1
11265,1
8626,1
13406,1
15715,0
10388,1
8678,1
12610,1
13760,1
13538,1
13063,1
10500,1
8601,1
12534,1
9353,1
13522,1
12992,1
13639,1
15097,1
13847,1
10326,1
14650,1
13872,1
12720,1
10400,1
9591,1
10172,1
8789,1
9289,1
11851,1
10279,0
11057,1
8089,1
11679,1
10454,1
10323,1
9240,1
9581,1
11432,1
9233,1
14938,1
9450,1
12765,1
12187,1
10481,1
9462,1
8269,1
14719,1
13832,1
11768,1
13351,1
13166,1
14186,1
8007,1
13262,1
15111,1
14738,1
8685,0
9211,1
10920,1
14652,1
14366,1
9954,1
8505,1
11045,1
14513,1
11483,1
12986,1
11235,1
9571,1
14217,1
11108,1
15437,1
12838,1
10747,1
9069,1
12228,1
11624,1
15858,0
10311,1
8729,1
12975,1
10865,1
10017,1
11268,1
13493,1
15472,1
12865,1
13131,1
13893,1
15810,0
11594,0
14374,1
8803,1
12027,1
12567,1
13877,1
14812,0
11892,1
14155,1
8083,1
11899,1
12121,1
14445,1
11253,1
10480,1
10986,1
15298,0
13465,1
12087,1
14581,0
15284,1
13657,1
11002,0
14183,1
11267,1
8943,1
10547,1
12057,1
8991,1
14993,1
14068,0
14481,1
9013,1
12934,1
14267,0
15041,1
11616,1
8928,1
9048,1
12051,1
14744,1
12295,1
11154,1
15785,0
15917,1
9804,0
10938,1
9636,1
15610,0
8457,1
10204,1
8173,1
11200,1
15677,1
13527,1
11575,1
10626,0
12962,0
14228,1
12473,1
15117,1
8236,1
12810,1
12261,1
9594,1
14959,1
9286,1
8694,1
12802,1
8254,1
9160,1
14805,1
13759,1
11813,1
12143,1
12669,1
15838,0
14535,1
8587,1
9380,1
10794,1
14772,1
12938,1
11144,1
14280,1
13988,1
9842,1
13888,1
8415,1
13098,1
13404,1
8297,1
11713,1
15285,1
12608,1
12580,1
15934,0
15289,1
13787,1
13487,1
10802,1
15016,1
15277,1
15015,1
14779,1
14108,1
14103,1
13145,1
10360,1
15406,0
13950,1
9859,1
13229,1
9384,1
9275,1
10070,1
8041,1
12840,1
13856,1
8964,1
9316,1
14243,1
10399,1
11363,1
12542,1
11349,1
15158,1
8636,0
14922,0
12397,1
12447,0
8809,1
15165,1
10954,1
9686,1
8833,1
12698,1
9858,1
14706,1
8856,1
13605,1
14180,1
15909,1
14174,1
8702,1
11414,1
8185,1
11634,1
11246,1
11763,1
13635,1
13267,1
15788,1
9934,1
9126,1
8546,1
8907,1
12420,1
12538,1
11225,1
14322,1
15588,1
11417,1
13885,1
15330,0
14450,1
8016,1
9676,1
12866,1
8190,1
14710,1
8349,1
10911,1
11513,1
11206,0
8619,1
15620,0
9213,1
9930,1
9883,1
12947,1
15056,1
15713,0
15505,1
12028,1
10356,1
14999,1
10368,1
14067,1
8105,1
15265,1
10457,1
14511,1
11890,1
14589,1
9235,1
12467,1
15527,1
14718,1
12510,1
13757,1
10991,0
9695,1
8309,0
10281,1
14972,1
12585,1
15371,0
15513,0
9981,1
11255,1
13411,1
14698,1
15811,0
10601,1
10466,1
12525,1
15201,1
9207,1
12017,1
11161,1
12038,1
9745,1
11535,1
13940,1
13682,1
14827,1
9290,1
13148,1
12622,1
9373,0
11373,1
12105,1
10211,1
13139,1
12697,1
12325,0
10425,1
15273,1
14950,1
9487,1
11064,1
14003,1
15815,0
14282,1
8611,1
15843,0
9478,1
14328,1
14281,1
14005,1
15212,1
14722,1
13138,0
10059,1
11660,1
8890,1
10542,1
11037,1
11818,1
8783,1
13122,1
8459,1
9265,1
12374,1
15937,1
9252,1
11487,1
10410,1
9502,1
15949,0
9095,1
13217,0
8421,1
11776,1
13878,1
10002,1
11239,1
13534,1
13532,0
14629,0
12691,1
11939,1
11347,1
12770,1
14818,1
14949,1
13561,1
9708,1
13162,1
9006,1
15791,0
11873,0
14684,1
14560,1
13434,1
8794,1
15551,1
13981,1
15672,1
14416,1
13376,1
12574,1
11910,1
8396,1
12290,1
15365,1
10812,1
14515,1
9296,1
10294,1
9230,1
12547,1
8788,1
10117,1
13286,1
13735,1
11203,1
9050,1
12347,0
12096,1
9023,1
13740,1
15383,1
13317,1
14314,1
11195,1
10100,1
8169,1
10295,1
11645,1
13833,1
15873,0
14536,1
10176,1
15515,1
9983,1
12310,1
10914,1
10882,0
11720,1
10434,1
11895,1
11988,1
13480,1
8336,1
14039,1
14397,1
8385,0
11475,1
14591,1
10205,1
10052,1
8272,1
9053,1
13356,1
9631,1
11772,1
14554,1
10296,1
13976,1
15329,1
12255,1
15029,1
14119,1
11914,1
11795,1
14273,1
15018,1
13439,1
14201,1
13219,1
9419,1
12432,1
8116,1
11089,0
10640,1
11354,1
13687,1
11138,1
8489,1
10935,1
8447,1
14540,1
10456,1
8242,1
10546,1
10119,1
9011,1
13117,1
11194,1
12741,1
11060,1
11837,1
8552,1
9496,1
13193,1
15149,1
11964,1
10887,1
15413,1
13019,1
9589,1
14924,1
12715,1
14223,1
9371,1
11867,1
15028,0
11599,1
11003,1
14044,1
13438,1
10850,1
8098,1
14501,1
8528,1
13611,1
14860,1
14166,1
12998,0
11970,1
15138,0
9197,1
12430,1
13498,1
11989,1
9936,1
9455,1
13150,1
8987,1
8043,0
9777,1
11779,1
14854,1
13091,1
14668,1
9798,1
8434,1
14720,1
11134,1
15078,0
14990,0
12248,1
9142,1
12146,0
10963,0
14056,1
12052,1
14761,1
8934,1
10509,1
8945,1
15054,1
15607,1
14791,1
10890,1
13261,1
15319,0
12455,1
14762,1
8502,1
11226,1
14771,1
13868,1
10133,1
14141,1
9995,1
13118,1
15361,1
12820,1
9554,1
10421,1
8535,1
15448,0
12532,1
10992,1
15682,1
14030,1
15683,1
11745,1
13662,1
10254,1
14199,1
8234,1
10724,1
13904,1
8921,1
15733,0
8617,1
9821,1
8821,1
12006,1
12379,1
10157,1
15089,1
13494,1
15912,1
15786,1
14786,0
15967,1
8888,1
12141,0
9012,1
15836,1
15096,1
15109,1
15259,1
8648,1
8720,1
15475,1
12401,1
8352,1
10334,1
11707,1
8844,1
9735,0
10298,1
9499,1
15344,1
9427,1
8223,1
15386,0
9678,0
14757,1
15533,0
8541,1
8608,1
14354,1
9426,1
10611,1
11983,1
15544,1
15932,1
11506,1
8338,1
9099,1
8496,1
14063,0
10716,0
13269,1
10014,0
9339,1
10110,1
8157,1
14117,1
9132,0
9080,1
11346,1
15766,1
13061,1
14867,0
15507,0
12334,1
11908,1
13095,1
13851,1
10538,1
10132,1
12342,1
12070,1
9320,1
13399,1
9621,0
9506,1
8635,1
12794,1
9654,1
13165,0
12686,1
10581,1
11711,0
10442,1
11388,1
12256,1
8377,1
10962,1
15105,1
11769,1
15236,1
10374,0
13777,1
12306,0
8112,1
12155,1
13610,1
8356,0
9312,1
13583,1
13520,1
8966,1
10840,1
9711,1
9043,1
9962,1
14116,1
15969,1
13075,1
8634,1
10135,1
13968,1
10314,1
8425,1
10592,1
15973,1
10218,1
14134,1
11662,0
9605,1
10105,1
9365,0
13495,1
11947,1
12444,1
12743,1
9129,1
8647,1
11802,1
13042,0
12437,1
12326,1
12928,0
13753,1
15904,0
15485,0
8675,1
9623,1
8622,1
11076,1
14053,1
14982,1
14043,1
12832,1
11152,1
11297,1
15577,1
13875,1
13579,1
11413,1
12744,1
15991,1
11151,1
9114,1
14514,1
15704,0
8231,1
9111,1
14214,1
14038,1
12173,1
10584,1
9088,1
14510,1
10170,1
10822,1
13160,1
13390,1
13867,1
12917,1
10752,1
12046,1
10411,1
12355,1
8406,1
12247,1
11441,1
8640,1
14888,1
8107,1
14866,0
10293,1
12350,1
11632,1
12776,1
14862,1
13387,1
12613,1
15100,1
10798,1
9620,1
12590,1
9823,1
13857,1
13342,1
8670,1
10647,1
14957,1
12901,1
15001,0
9461,1
14145,1
11706,1
15206,1
11973,1
14985,1
11090,1
9182,1
13334,1
11042,1
11920,1
12911,1
13027,1
13894,0
10858,1
13006,1
8350,1
13860,1
14873,1
15744,0
13588,1
8214,1
11923,1
10474,1
9694,1
11640,1
8175,1
10252,1
14998,1
14555,1
9743,1
15435,0
11335,1
9653,1
14055,1
13575,1
11759,1
8082,1
10847,1
14181,1
10197,1
15640,0
14697,1
14743,1
9433,1
14105,1
15134,1
13839,1
14480,1
9986,1
10473,1
14727,1
11427,1
13204,1
8569,1
12406,1
11997,1
8202,1
10130,1
10700,1
11229,1
11958,1
12595,1
13105,1
8549,1
12670,1
13922,1
11972,1
15841,0
11812,1
15335,0
8445,1
15476,1
11374,1
8665,1
13050,1
9993,1
8381,1
11435,1
8558,1
12433,0
10741,1
14461,1
14637,1
14470,1
14469,1
14753,1
10756,1
13248,1
12479,1
14173,1
9998,1
8708,1
12097,1
11809,1
12849,1
14622,0
10555,1
13770,1
13249,1
8048,1
15047,1
15174,1
8954,1
9717,1
11204,1
12696,1
15800,1
10885,1
10961,1
8755,0
9318,1
12973,1
13252,1
11588,1
9901,1
14596,1
14869,1
9863,1
10643,1
14265,1
9980,1
8718,1
14188,1
15000,1
9278,1
8046,1
12987,1
8095,1
13936,1
13822,1
10341,1
12343,1
13514,1
13451,0
11193,1
9234,1
15982,0
11565,1
8239,1
10299,1
10162,1
13544,1
11863,1
8471,1
14251,0
12411,1
8550,1
15804,1
9854,1
14914,1
10846,1
9891,1
11879,1
13714,1
14500,1
10588,1
11785,1
11956,1
13551,1
15314,1
13371,1
15460,0
9503,1
8243,1
10934,1
14121,1
15860,0
15974,0
12756,1
8578,0
15147,1
9395,1
12504,1
13410,1
11462,1
15793,0
12616,1
12707,1
13571,1
15977,0
11868,1
15180,1
14662,1
14631,1
15404,0
12303,1
12932,1
15458,0
13630,1
15339,0
14782,1
14795,1
9225,1
8851,1
8582,1
9115,1
14231,1
14244,0
13928,0
10026,1
11469,1
14356,1
14163,1
14692,1
8376,1
10728,1
13581,1
8449,1
10871,1
14133,1
14572,1
10194,1
14989,1
8210,1
10035,0
14861,1
12023,1
14709,1
8695,1
12755,1
9555,1
9750,0
15488,1
8909,1
13992,1
9028,1
8829,1
8989,0
12870,0
12156,1
12643,1
11919,1
13271,0
14400,1
11531,1
13707,1
15453,1
8706,0
13172,0
10855,1
12289,1
8956,1
8800,1
9560,1
13748,1
8344,0
14880,1
8412,1
10898,1
13460,1
11024,1
9344,1
9159,0
8721,1
14945,1
8660,0
9766,1
12920,1
12186,1
14783,1
15271,1
14925,1
13523,1
13659,1
13948,1
12134,1
8978,1
13392,1
13977,1
14387,1
15479,1
11457,1
8245,1
10485,0
14895,1
9595,1
13542,1
11078,1
9209,1
12589,1
12316,1
11389,1
10765,1
13216,0
14960,0
8244,1
15696,1
11005,1
15443,0
9452,1
8680,1
8463,0
11569,1
12771,1
9903,1
11466,1
12813,0
14147,1
9567,1
11875,1
11985,0
14688,1
11007,1
10793,1
8697,1
9564,1
11333,1
11403,1
12524,1
11691,1
13083,1
9471,1
15208,1
13398,1
13156,1
10258,1
10492,1
8361,1
8126,1
8032,1
9194,1
12582,1
13640,1
10826,1
10358,1
13864,0
13036,1
11301,1
8743,1
12242,1
15516,0
8113,0
8553,1
8975,1
8579,1
11410,1
11503,1
15026,1
11311,1
9625,0
8936,1
8739,1
11961,1
8910,1
12476,1
10843,1
13729,1
13322,1
14580,1
8078,1
15135,1
11725,1
15493,0
9887,1
8023,1
11715,1
11852,1
12243,1
15101,1
11359,1
9806,1
10508,1
13332,1
13741,1
14040,1
13771,1
8282,1
10499,1
10952,1
10386,1
13032,1
9933,1
11765,1
12839,1
10944,1
12459,1
14781,1
13670,1
11478,1
12916,1
11563,1
15903,1
15813,1
14324,1
12457,1
12366,1
15787,1
9509,1
13504,1
12950,1
9925,1
9826,1
11891,1
14139,1
10451,1
12298,0
10888,1
10537,0
10201,1
11738,1
13251,0
15148,1
10708,1
10926,1
13303,1
12890,1
14751,1
8576,1
11326,1
13482,1
15657,0
14090,1
12918,1
13932,1
8375,1
11844,1
11746,1
13210,1
8867,1
13394,1
13669,1
10815,0
12995,1
15341,0
14647,1
13874,1
9522,1
14928,1
10433,1
9511,1
8769,1
15878,1
9799,1
15947,0
12859,1
9969,1
13552,1
13448,1
8542,1
14640,1
15427,0
12275,1
11507,1
10209,1
9329,1
10729,1
14723,1
14482,1
10415,1
13199,1
8510,1
10544,1
10453,1
15920,0
14193,1
8259,1
14050,1
10703,1
15840,0
12507,1
14810,1
12349,1
15484,1
10504,1
15718,0
15773,1
13918,1
12183,1
8806,1
13062,1
10047,1
11767,0
11139,1
10265,1
9715,1
9734,1
10317,1
13797,0
10171,1
14278,1
14828,1
12675,1
12780,1
15150,1
9434,1
11114,1
14979,1
12415,1
8676,1
9214,1
8585,1
14592,1
15345,1
13727,1
8688,0
12490,1
10102,1
10322,0
12308,1
12541,1
12893,1
12135,1
15102,1
12573,1
8811,1
15400,0
14168,1
11750,1
14205,1
15830,0
8791,1
15961,0
14409,1
9277,1
13641,1
8229,1
13911,1
15291,0
10518,1
15119,0
9085,1
12679,1
12981,1
9147,1
13014,1
15757,0
10697,1
8548,1
13368,1
13308,1
9244,1
10278,1
10084,1
11271,1
15631,1
15968,1
15074,1
9337,1
14574,1
12666,1
9143,1
12505,0
11296,1
8625,1
8059,1
15615,1
12417,1
10325,1
12201,1
14789,1
13789,1
10123,0
13481,1
8342,1
15360,1
11063,1
14485,1
15552,0
12120,1
10397,1
14658,1
14927,1
14941,1
15002,1
9297,1
15084,1
9656,1
10116,1
9149,1
15090,1
15145,1
14865,1
10489,1
9460,1
13009,1
13155,1
9208,1
14686,1
9415,1
15358,1
9607,1
10586,1
8562,1
10607,1
12609,1
11079,1
11396,1
11116,1
10073,1
8823,1
10805,1
13802,1
14538,1
8213,1
10854,1
9976,1
10390,1
15242,1
14458,1
9135,1
9221,1
12509,1
8629,1
9404,1
14920,1
11606,1
12948,1
11086,1
14427,1
15252,1
10632,1
10263,0
15887,1
15210,1
8252,1
15699,1
12370,1
13072,1
13978,1
15923,1
9583,1
14893,1
10375,1
8776,1
11737,1
8430,1
8052,1
10979,1
14334,1
15581,0
14826,1
11358,1
8019,1
15254,1
11250,1
15241,1
8527,1
14733,1
12471,1
10196,1
15667,0
10649,1
14666,1
8774,1
10175,1
13644,0
10636,1
13643,1
15542,1
11029,1
10238,1
13604,0
8855,1
12767,1
8643,1
12600,1
8364,0
12964,1
14076,1
9218,1
9119,1
13628,1
14853,1
8889,0
15141,0
11697,1
10552,1
11752,1
15151,0
10447,1
13703,1
10245,1
8151,0
11676,1
9679,1
15943,1
10526,1
15753,0
11102,1
15966,1
13840,1
13244,1
8631,1
15738,1
10348,1
10161,0
9387,1
8140,1
10727,1
11831,1
10654,1
9626,1
14301,1
14254,0
10849,1
8750,1
9982,1
11515,1
8531,1
10079,1
12874,0
12822,1
15681,1
15290,1
8205,0
12029,1
10362,1
14594,1
8131,1
9753,0
9251,1
12539,1
15173,1
10563,1
11153,1
12601,1
8509,1
13174,1
8148,1
10401,1
12565,1
11461,0
15638,1
9645,1
12575,1
15765,1
12885,1
9879,1
11327,1
15225,1
9360,0
12043,1
11240,1
11533,1
10732,1
10577,1
10531,0
13363,1
15534,0
13413,1
13167,1
14323,1
12377,1
12358,0
9005,0
15716,0
9196,1
13668,1
10540,1
9801,0
13419,1
14530,1
13713,1
13734,1
15209,1
15892,1
14154,1
13223,1
8561,0
9672,1
9615,1
11656,1
14394,1
12185,1
11274,1
8494,1
9940,1
14913,1
13348,1
11051,1
13421,1
9935,1
11053,1
10044,1
13907,0
13882,1
13039,1
11695,1
10623,1
14156,1
11607,1
15658,0
9398,1
8380,1
12701,1
10661,1
10910,0
10385,1
8515,1
13208,1
8147,1
8435,1
14064,1
9944,1
13913,1
12726,0
13340,1
11968,1
10949,1
13934,0
14806,1
15822,1
14376,1
14027,1
15061,0
10303,1
12224,1
9698,1
10919,1
12149,1
10618,1
8054,1
14774,1
12818,1
11445,1
11909,0
9669,1
10811,1
14801,1
15122,1
11571,1
11577,1
8744,1
10266,1
15351,0
13513,1
10912,1
11289,0
9181,1
15229,1
10959,0
12064,1
13974,1
8857,1
13003,1
8193,1
13623,1
9647,0
14221,0
14408,1
11179,1
13633,1
9447,1
10677,1
8277,1
14021,1
13354,1
15979,0
14969,1
13908,1
11308,1
11709,1
15043,1
11749,1
10217,1
13290,1
10450,1
12483,1
15722,1
11808,1
8039,1
8136,1
13330,1
11280,1
12730,1
10664,0
8109,1
9627,1
11756,1
9186,1
9064,1
9814,1
12611,1
14369,1
8451,1
9987,1
14891,1
15783,0
13100,0
10165,1
11143,1
12821,1
8240,1
10971,1
15202,1
9868,1
11023,1
13744,1
8852,1
13299,1
13673,1
12317,1
13408,1
8540,1
12482,1
12434,0
11424,1
12905,1
11382,1
14198,1
13175,1
8699,1
10370,1
11814,1
11243,1
15679,1
14025,1
12633,1
13884,1
10212,1
15649,0
15953,0
15369,0
11214,0
15064,1
11459,0
11954,1
14361,1
11173,1
8369,1
13801,1
12142,1
8713,1
12593,0
13594,1
15989,0
11555,1
15177,0
15868,0
8122,1
12801,1
15767,0
11934,1
12773,1
14601,0
15629,1
8633,1
14695,1
13732,1
14079,1
15728,1
11365,1
10994,1
14857,1
11671,0
13483,1
13454,0
13187,1
11796,0
12281,1
11310,1
8858,1
8307,1
11215,1
9771,1
12160,1
15058,0
8149,1
13241,1
15385,1
10118,1
14958,1
8020,1
15248,1
10713,1
10369,1
14465,1
10224,1
12452,1
8428,1
15268,1
12835,1
11559,1
11175,1
14382,1
8572,1
8551,1
12018,1
14778,0
15483,1
9483,1
15567,0
10094,1
11925,1
12550,1
11129,1
10403,1
11963,1
15196,1
8599,1
14042,1
9170,1
9480,1
13441,1
14215,1
12646,1
10465,1
12299,1
9122,1
14453,0
13983,1
9794,1
10560,1
14737,0
15082,1
15790,0
15186,1
8976,1
11306,1
15560,1
10731,1
15176,1
12380,1
9528,1
15307,1
13593,1
8698,1
13374,1
15561,0
12157,1
12495,0
10651,1
14546,1
11623,1
13463,1
13705,1
9681,1
12576,1
15315,0
13531,1
10107,0
11017,1
8656,1
9938,0
12607,1
10285,1
12775,1
13001,1
9124,1
11611,0
8824,1
12159,1
14584,1
14492,1
14247,1
10806,1
15106,1
8280,1
12764,1
9609,1
15143,1
9580,1
11730,1
8204,1
10583,1
10113,0
11838,1
15008,1
10195,0
14657,1
12215,1
9112,1
14630,1
14308,0
8796,1
8838,1
15805,0
8312,1
12126,1
11874,1
10722,1
11083,1
8581,1
11470,1
14616,1
8321,1
8524,1
8177,1
12462,1
12109,0
8200,1
15983,1
9741,1
8690,1
13258,1
13396,1
13616,1
14892,1
13086,1
15902,1
10922,1
12716,1
15094,1
9751,1
12746,1
8763,1
14627,1
15906,1
13536,1
14679,1
15768,0
14690,1
10286,1
12850,1
10253,1
13808,0
12251,1
15469,1
15653,0
12757,1
8726,1
11312,1
12556,1
12424,0
12225,1
10742,1
12019,0
14065,1
9761,1
13488,1
10976,0
9104,1
10276,1
8731,1
14295,1
13780,1
13440,1
11341,1
8121,1
8024,1
12485,1
10633,1
10096,1
14070,1
9139,1
9383,1
8387,1
11182,1
8707,0
12632,1
9547,1
9852,1
9103,1
12241,1
9562,1
11338,1
9658,1
11661,1
14236,1
9191,1
9393,1
13081,1
12752,0
11423,1
14419,1
13176,1
9950,1
14212,1
15189,0
10791,1
9253,1
12961,1
11952,1
14460,1
15418,1
15264,1
11241,1
9634,1
9400,1
14497,1
8764,1
8490,1
13120,1
10818,1
9633,1
12559,1
13130,1
10918,1
12464,1
10693,1
9768,1
11855,1
15490,1
8605,1
14935,1
15390,0
10125,1
10582,1
9024,1
13692,1
8071,1
9703,1
11729,1
10754,1
14841,1
11016,1
11497,1
15896,0
8614,1
14338,0
11734,0
9996,1
15764,1
13869,1
9769,1
9612,1
14096,1
11364,1
9086,1
15503,0
15617,0
12976,1
15828,1
13004,1
8265,1
9894,0
9025,1
11220,1
9664,0
13220,1
14262,0
8363,1
11942,1
13129,1
13501,1
11700,1
8390,1
15433,0
13754,1
12206,1
12873,0
12642,1
10899,1
15721,1
12412,1
11196,0
15995,0
10561,1
14109,1
14792,0
8159,1
14178,1
10346,1
14098,1
15142,1
12860,1
10361,1
14211,1
14921,1
13702,1
13369,1
11331,1
14138,1
13945,1
10024,1
15596,0
14250,1
9390,1
14543,1
8762,1
8653,1
8266,1
14086,1
9292,1
11039,1
9746,1
12199,1
8512,1
15554,1
10357,1
8843,1
15863,0
13381,1
11562,1
8850,1
9945,1
9942,1
11288,0
11217,1
10927,1
14286,1
13684,1
11454,1
15072,1
12880,1
12408,1
9406,1
9541,1
11425,1
11766,1
13546,0
12974,1
15049,0
11551,1
11429,1
14824,0
14984,1
9167,1
12852,1
11659,1
10725,1
14565,0
11149,1
8135,1
15690,0
14875,1
9079,0
9300,0
9031,0
13973,1
11320,1
10387,1
15405,1
13820,1
10978,1
14687,1
14475,1
12640,1
12177,1
15140,1
15564,1
9877,1
12209,1
9007,1
10721,1
8028,1
14520,1
13649,1
13627,1
15730,0
9341,0
10167,1
9736,1
12253,1
8610,1
10532,1
9802,1
12621,1
14717,1
12913,1
10642,0
14533,1
9792,1
14123,1
8460,1
9246,1
